[
  {
    "value": "Tutorial",
    "synonyms": [
      "tutorial"
    ]
  },
  {
    "value": "Lecture",
    "synonyms": [
      "lecture"
    ]
  },
  {
    "value": "Laboratory",
    "synonyms": [
      "Laboratory",
      "lab",
      "labs"
    ]
  },
  {
    "value": "Seminar",
    "synonyms": [
      "Seminar"
    ]
  },
  {
    "value": "Thesis Research",
    "synonyms": [
      "Thesis Research"
    ]
  },
  {
    "value": "Tutorial-Laboratory",
    "synonyms": [
      "Tutorial-Laboratory"
    ]
  },
  {
    "value": "Distance Delivery",
    "synonyms": [
      "Distance Delivery"
    ]
  },
  {
    "value": "Project",
    "synonyms": [
      "Project"
    ]
  }
]