[
  {
    "value": "Mon",
    "synonyms": [
      "monday",
      "mondays"
    ]
  },
  {
    "value": "Tue",
    "synonyms": [
      "tuesday",
      "tuesdays"
    ]
  },
  {
    "value": "Wed",
    "synonyms": [
      "wednesday",
      "wednesdays"
    ]
  },
  {
    "value": "Thu",
    "synonyms": [
      "thursday",
      "thursdays"
    ]
  },
  {
    "value": "Fri",
    "synonyms": [
      "friday",
      "fridays"
    ]
  },
  {
    "value": "Sat",
    "synonyms": [
      "saturday",
      "saturdays"
    ]
  },
  {
    "value": "Sun",
    "synonyms": [
      "sunday",
      "sundays"
    ]
  }
]