[
  {
    "id": "887dcc5f-5860-4842-8985-d1891c1f043e",
    "data": [
      {
        "text": "Get me the timetable for ",
        "userDefined": false
      },
      {
        "text": "comp9323",
        "alias": "course_code",
        "meta": "@course_code",
        "userDefined": false
      }
    ],
    "isTemplate": false,
    "count": 1,
    "updated": 1507527382
  },
  {
    "id": "970021a9-9f42-47b1-8314-6c294eee0888",
    "data": [
      {
        "text": "When are the classes for ",
        "userDefined": false
      },
      {
        "text": "big data management",
        "alias": "course_code",
        "meta": "@course_code",
        "userDefined": false
      }
    ],
    "isTemplate": false,
    "count": 1,
    "updated": 1507527382
  },
  {
    "id": "18f8de7b-3422-45d9-922a-10a1506327e8",
    "data": [
      {
        "text": "What is the timetable for ",
        "userDefined": false
      },
      {
        "text": "comp9323",
        "alias": "course_code",
        "meta": "@course_code",
        "userDefined": false
      }
    ],
    "isTemplate": false,
    "count": 1,
    "updated": 1507523999
  },
  {
    "id": "e59495f5-6130-4a06-8401-9001e31fceab",
    "data": [
      {
        "text": "When is time period ",
        "userDefined": false
      },
      {
        "text": "comp9323",
        "alias": "course_code",
        "meta": "@course_code",
        "userDefined": false
      }
    ],
    "isTemplate": false,
    "count": 0,
    "updated": 1507523999
  },
  {
    "id": "af3e08f6-c4db-4429-b3db-44e9a57fc4d6",
    "data": [
      {
        "text": "What is the timetable for ",
        "userDefined": false
      },
      {
        "text": "comp9318",
        "alias": "course_code",
        "meta": "@course_code",
        "userDefined": false
      }
    ],
    "isTemplate": false,
    "count": 0,
    "updated": 1507523819
  },
  {
    "id": "d06ac25a-444b-4392-b1c6-dca78017fcbb",
    "data": [
      {
        "text": "what is the timetable for ",
        "userDefined": false
      },
      {
        "text": "comp9323",
        "alias": "course_code",
        "meta": "@course_code",
        "userDefined": false
      },
      {
        "text": "?",
        "userDefined": false
      }
    ],
    "isTemplate": false,
    "count": 2,
    "updated": 1507523758
  },
  {
    "id": "080583a8-00b0-46f4-bbb9-25c0226e0bd2",
    "data": [
      {
        "text": "what is the time table for ",
        "userDefined": false
      },
      {
        "text": "comp9318",
        "alias": "course_code",
        "meta": "@course_code",
        "userDefined": false
      }
    ],
    "isTemplate": false,
    "count": 0,
    "updated": 1507523758
  },
  {
    "id": "90973100-05bf-43ee-9913-adcd910327d3",
    "data": [
      {
        "text": "what is the timetable for ",
        "userDefined": false
      },
      {
        "text": "comp9313",
        "alias": "course_code",
        "meta": "@course_code",
        "userDefined": false
      }
    ],
    "isTemplate": false,
    "count": 0,
    "updated": 1507523758
  },
  {
    "id": "9cfaa49f-c8c0-4609-8237-d6a5b4c8da24",
    "data": [
      {
        "text": "When are the classes for ",
        "userDefined": false
      },
      {
        "text": "comp9323",
        "alias": "course_code",
        "meta": "@course_code",
        "userDefined": false
      }
    ],
    "isTemplate": false,
    "count": 0,
    "updated": 1507520392
  },
  {
    "id": "29691be3-0012-49b5-8204-812e8737f46c",
    "data": [
      {
        "text": "what times do ",
        "userDefined": false
      },
      {
        "text": "comp9323",
        "alias": "course_code",
        "meta": "@course_code",
        "userDefined": false
      }
    ],
    "isTemplate": false,
    "count": 0,
    "updated": 1507518406
  },
  {
    "id": "aea0a2b6-42dd-4f82-980e-e1eb88b1bc41",
    "data": [
      {
        "text": "what times does ",
        "userDefined": false
      },
      {
        "text": "comp9323",
        "alias": "course_code",
        "meta": "@course_code",
        "userDefined": false
      },
      {
        "text": " run?",
        "userDefined": false
      }
    ],
    "isTemplate": false,
    "count": 0,
    "updated": 1507518406
  },
  {
    "id": "5847959a-e497-4d13-b98b-c2e73e37294c",
    "data": [
      {
        "text": "List all ",
        "userDefined": false
      },
      {
        "text": "comp",
        "alias": "course_code",
        "meta": "@course_code",
        "userDefined": false
      },
      {
        "text": " courses available on semester 1 2017",
        "userDefined": false
      }
    ],
    "isTemplate": false,
    "count": 1,
    "updated": 1507517374
  },
  {
    "id": "2a6566c9-2dca-482c-b6c1-ac1633ec1860",
    "data": [
      {
        "text": "Give me the timetable of ",
        "userDefined": false
      },
      {
        "text": "comp9323",
        "alias": "course_code",
        "meta": "@course_code",
        "userDefined": false
      }
    ],
    "isTemplate": false,
    "count": 1,
    "updated": 1507468929
  },
  {
    "id": "3cefcaa1-d69d-4da2-9da6-d2118225b227",
    "data": [
      {
        "text": "Give me the timetable of ",
        "userDefined": false
      },
      {
        "text": "comp9318",
        "alias": "course_code",
        "meta": "@course_code",
        "userDefined": false
      }
    ],
    "isTemplate": false,
    "count": 0,
    "updated": 1507468929
  },
  {
    "id": "3fcb7054-29c2-4d76-87a9-d773514ebd22",
    "data": [
      {
        "text": "Give me the timetable for ",
        "userDefined": false
      },
      {
        "text": "comp9323",
        "alias": "course_code",
        "meta": "@course_code",
        "userDefined": false
      }
    ],
    "isTemplate": false,
    "count": 0,
    "updated": 1507468929
  },
  {
    "id": "6a440713-4aef-42fb-951d-e89e33b5f78e",
    "data": [
      {
        "text": "What is the timetable of ",
        "userDefined": false
      },
      {
        "text": "data warehousing and data mining",
        "alias": "course_code",
        "meta": "@course_code",
        "userDefined": false
      }
    ],
    "isTemplate": false,
    "count": 0,
    "updated": 1507468929
  },
  {
    "id": "16bb1a7f-3f5c-4b11-80b3-01397a7d65da",
    "data": [
      {
        "text": "When I can enroll in ",
        "userDefined": false
      },
      {
        "text": "comp9321",
        "alias": "course_code",
        "meta": "@course_code",
        "userDefined": false
      }
    ],
    "isTemplate": false,
    "count": 0,
    "updated": 1507385664
  },
  {
    "id": "89069ac5-553a-4265-b520-9710691d1b75",
    "data": [
      {
        "text": "when ",
        "userDefined": false
      },
      {
        "text": "comp9323",
        "alias": "course_code",
        "meta": "@course_code",
        "userDefined": false
      },
      {
        "text": " available?",
        "userDefined": false
      }
    ],
    "isTemplate": false,
    "count": 0,
    "updated": 1507359373
  },
  {
    "id": "174603e7-da0d-42fd-8626-7109bdde1e4a",
    "data": [
      {
        "text": "what is ",
        "userDefined": false
      },
      {
        "text": "comp9323",
        "alias": "course_code",
        "meta": "@course_code",
        "userDefined": false
      },
      {
        "text": " timetable?",
        "userDefined": false
      }
    ],
    "isTemplate": false,
    "count": 0,
    "updated": 0
  },
  {
    "id": "b5abc5ea-479c-4de2-9f53-f1ab3b79d1d6",
    "data": [
      {
        "text": "show me timetable for ",
        "userDefined": false
      },
      {
        "text": "comp9323",
        "alias": "course_code",
        "meta": "@course_code",
        "userDefined": false
      }
    ],
    "isTemplate": false,
    "count": 0,
    "updated": 0
  },
  {
    "id": "249489c1-95e7-47c0-9fed-f14026ae503b",
    "data": [
      {
        "text": "What is the class timetable for ",
        "userDefined": false
      },
      {
        "text": "COMP9232",
        "alias": "course_code",
        "meta": "@course_code",
        "userDefined": true
      },
      {
        "text": "?",
        "userDefined": false
      }
    ],
    "isTemplate": false,
    "count": 0,
    "updated": 0
  }
]