[
  {
    "id": "65cc2af7-4464-4840-9c2e-9773dcc144a1",
    "data": [
      {
        "text": "Comp9323",
        "alias": "course_code",
        "meta": "@course_code",
        "userDefined": false
      },
      {
        "text": " allow web stream?",
        "userDefined": false
      }
    ],
    "isTemplate": false,
    "count": 1,
    "updated": 1507410065
  },
  {
    "id": "9466a392-3696-4046-a110-c77e9ff0d9d7",
    "data": [
      {
        "text": "Is there a web delivery option for ",
        "userDefined": false
      },
      {
        "text": "e-enterprise project",
        "alias": "course_code",
        "meta": "@course_code",
        "userDefined": false
      },
      {
        "text": "?",
        "userDefined": false
      }
    ],
    "isTemplate": false,
    "count": 1,
    "updated": 1507410065
  },
  {
    "id": "f8a46b35-455f-41c3-91fd-a0fa17b16e37",
    "data": [
      {
        "text": "video recording available in ",
        "userDefined": false
      },
      {
        "text": "comp9323",
        "alias": "course_code",
        "meta": "@course_code",
        "userDefined": false
      },
      {
        "text": " course?",
        "userDefined": false
      }
    ],
    "isTemplate": false,
    "count": 0,
    "updated": 0
  },
  {
    "id": "22a491ce-8b66-44d4-a5fb-ce5f22c48aa5",
    "data": [
      {
        "text": "does ",
        "userDefined": false
      },
      {
        "text": "comp9323",
        "alias": "course_code",
        "meta": "@course_code",
        "userDefined": false
      },
      {
        "text": " allow web stream ?",
        "userDefined": false
      }
    ],
    "isTemplate": false,
    "count": 0,
    "updated": 0
  },
  {
    "id": "f285072e-d446-48b7-abfe-fac5692e26e6",
    "data": [
      {
        "text": "comp9323",
        "alias": "course_code",
        "meta": "@course_code",
        "userDefined": false
      },
      {
        "text": " allow web stream ?",
        "userDefined": false
      }
    ],
    "isTemplate": false,
    "count": 0,
    "updated": 0
  }
]