[
  {
    "id": "d2ebd750-31ca-4a17-bce6-9a5721cf7afa",
    "data": [
      {
        "text": "Who is the instructor for ",
        "userDefined": false
      },
      {
        "text": "comp9323",
        "alias": "course_code",
        "meta": "@course_code",
        "userDefined": false
      }
    ],
    "isTemplate": false,
    "count": 0,
    "updated": 1507468929
  },
  {
    "id": "de2e1489-578e-4e51-8914-8edcfe771c23",
    "data": [
      {
        "text": "Who instruct ",
        "userDefined": false
      },
      {
        "text": "comp9417",
        "alias": "course_code",
        "meta": "@course_code",
        "userDefined": false
      }
    ],
    "isTemplate": false,
    "count": 2,
    "updated": 1507388706
  },
  {
    "id": "573575d5-01b7-4e03-af1f-ec4ff99e254a",
    "data": [
      {
        "text": "who teaches ",
        "userDefined": false
      },
      {
        "text": "comp9323",
        "alias": "course_code",
        "meta": "@course_code",
        "userDefined": false
      },
      {
        "text": "?",
        "userDefined": false
      }
    ],
    "isTemplate": false,
    "count": 0,
    "updated": 1508149049
  },
  {
    "id": "dae35972-8030-49f2-a50c-7450d20848bf",
    "data": [
      {
        "text": "Who instruct ",
        "userDefined": false
      },
      {
        "text": "comp9517",
        "alias": "course_code",
        "meta": "@course_code",
        "userDefined": false
      }
    ],
    "isTemplate": false,
    "count": 2,
    "updated": 1507388706
  },
  {
    "id": "6543f5a5-4e2b-4614-a666-17adcc4edb1f",
    "data": [
      {
        "text": "who instruct ",
        "userDefined": false
      },
      {
        "text": "Comp9323",
        "alias": "course_code",
        "meta": "@course_code",
        "userDefined": false
      },
      {
        "text": "?",
        "userDefined": false
      }
    ],
    "isTemplate": false,
    "count": 0,
    "updated": 0
  },
  {
    "id": "8ef19067-a2f7-4e71-85a9-c50f243cdc2d",
    "data": [
      {
        "text": "Comp9517",
        "alias": "course_code",
        "meta": "@course_code",
        "userDefined": false
      },
      {
        "text": " instructed by who?",
        "userDefined": false
      }
    ],
    "isTemplate": false,
    "count": 4,
    "updated": 1507388706
  },
  {
    "id": "ff08d9f2-3fb6-4cf0-9e4f-5c417d0156f6",
    "data": [
      {
        "text": "Who teaches ",
        "userDefined": false
      },
      {
        "text": "big data management",
        "alias": "course_code",
        "meta": "@course_code",
        "userDefined": false
      },
      {
        "text": "?",
        "userDefined": false
      }
    ],
    "isTemplate": false,
    "count": 0,
    "updated": 1507524000
  },
  {
    "id": "925c38ba-47cf-40c3-b35c-ce5cca9f69de",
    "data": [
      {
        "text": "comp9323",
        "alias": "course_code",
        "meta": "@course_code",
        "userDefined": false
      },
      {
        "text": " is taught by whom?",
        "userDefined": false
      }
    ],
    "isTemplate": false,
    "count": 0,
    "updated": 1508149049
  },
  {
    "id": "22e6ad6f-28bc-432b-a6ed-a01b54c697ae",
    "data": [
      {
        "text": "Who teaches ",
        "userDefined": false
      },
      {
        "text": "comp9323",
        "alias": "course_code",
        "meta": "@course_code",
        "userDefined": false
      }
    ],
    "isTemplate": false,
    "count": 3,
    "updated": 1507520393
  },
  {
    "id": "517301b7-1b7b-4d7c-9a2c-3ddc5e19a30c",
    "data": [
      {
        "text": "Who teaches ",
        "userDefined": false
      },
      {
        "text": "comp9313",
        "alias": "course_code",
        "meta": "@course_code",
        "userDefined": false
      }
    ],
    "isTemplate": false,
    "count": 1,
    "updated": 1507527383
  },
  {
    "id": "f58c315a-bd69-400c-b872-64a4b5082432",
    "data": [
      {
        "text": "who is the instructor for ",
        "userDefined": false
      },
      {
        "text": "big data management",
        "alias": "course_code",
        "meta": "@course_code",
        "userDefined": false
      },
      {
        "text": "?",
        "userDefined": false
      }
    ],
    "isTemplate": false,
    "count": 0,
    "updated": 0
  },
  {
    "id": "83500e12-3b25-41da-9f04-67f337615014",
    "data": [
      {
        "text": "Who is teaching ",
        "userDefined": false
      },
      {
        "text": "COMP9323",
        "alias": "course_code",
        "meta": "@course_code",
        "userDefined": false
      },
      {
        "text": "?",
        "userDefined": false
      }
    ],
    "isTemplate": false,
    "count": 0,
    "updated": 0
  },
  {
    "id": "a7dbd6cc-291c-4a12-a504-9ee0310c4631",
    "data": [
      {
        "text": "who teaches ",
        "userDefined": false
      },
      {
        "text": "e-enterprise project",
        "alias": "course_code",
        "meta": "@course_code",
        "userDefined": false
      },
      {
        "text": "?",
        "userDefined": false
      }
    ],
    "isTemplate": false,
    "count": 0,
    "updated": 0
  },
  {
    "id": "1952702d-56eb-44dc-b0e9-c7c28d949993",
    "data": [
      {
        "text": "who is the lecturer for ",
        "userDefined": false
      },
      {
        "text": "comp9323",
        "alias": "course_code",
        "meta": "@course_code",
        "userDefined": false
      },
      {
        "text": "?",
        "userDefined": false
      }
    ],
    "isTemplate": false,
    "count": 0,
    "updated": 1508149049
  },
  {
    "id": "b72a0fc4-0378-4b12-98ba-9b029d3498b0",
    "data": [
      {
        "text": "Who teaches ",
        "userDefined": false
      },
      {
        "text": "big data management",
        "alias": "course_code",
        "meta": "@course_code",
        "userDefined": false
      }
    ],
    "isTemplate": false,
    "count": 0,
    "updated": 1507524000
  }
]