[
  {
    "id": "3ac1c29d-464d-43a0-a271-7c364d79f694",
    "data": [
      {
        "text": "What is the location for ",
        "userDefined": false
      },
      {
        "text": "comp9323",
        "alias": "course_code",
        "meta": "@course_code",
        "userDefined": false
      }
    ],
    "isTemplate": false,
    "count": 1,
    "updated": 1507527385
  },
  {
    "id": "1fe89051-1ae7-4c88-86c2-8e7586719b1f",
    "data": [
      {
        "text": "Whats the lecture location for ",
        "userDefined": false
      },
      {
        "text": "comp9323",
        "alias": "course_code",
        "meta": "@course_code",
        "userDefined": false
      }
    ],
    "isTemplate": false,
    "count": 1,
    "updated": 1507527385
  },
  {
    "id": "49acf13c-4c7e-4aac-9faf-ab18cdf8330b",
    "data": [
      {
        "text": "Where are the classes for ",
        "userDefined": false
      },
      {
        "text": "comp9313",
        "alias": "course_code",
        "meta": "@course_code",
        "userDefined": false
      }
    ],
    "isTemplate": false,
    "count": 1,
    "updated": 1507527385
  },
  {
    "id": "3184698b-6088-47e0-810a-4a05d443dc9a",
    "data": [
      {
        "text": "What is the lecture location for ",
        "userDefined": false
      },
      {
        "text": "comp9323",
        "alias": "course_code",
        "meta": "@course_code",
        "userDefined": false
      }
    ],
    "isTemplate": false,
    "count": 0,
    "updated": 1507524001
  },
  {
    "id": "d7cdb233-d2ba-432b-ae01-cbe37bea284a",
    "data": [
      {
        "text": "show me the lecture locations for ",
        "userDefined": false
      },
      {
        "text": "comp93232",
        "alias": "course_code",
        "meta": "@course_code",
        "userDefined": false
      }
    ],
    "isTemplate": false,
    "count": 0,
    "updated": 1507523898
  },
  {
    "id": "2b29baa0-28e3-48c0-a481-bdfa758b460e",
    "data": [
      {
        "text": "Show me the lecture locations for ",
        "userDefined": false
      },
      {
        "text": "comp9323",
        "alias": "course_code",
        "meta": "@course_code",
        "userDefined": false
      }
    ],
    "isTemplate": false,
    "count": 0,
    "updated": 1507523898
  },
  {
    "id": "9428c183-98d6-4996-abc7-a73a3069174f",
    "data": [
      {
        "text": "Lecture location for ",
        "userDefined": false
      },
      {
        "text": "comp9323",
        "alias": "course_code",
        "meta": "@course_code",
        "userDefined": false
      }
    ],
    "isTemplate": false,
    "count": 2,
    "updated": 1507523821
  },
  {
    "id": "92bb71d0-2ea5-426e-a312-c3667b5f7f44",
    "data": [
      {
        "text": "What is the lecture location for ",
        "userDefined": false
      },
      {
        "text": "com9318",
        "alias": "course_code",
        "meta": "@course_code",
        "userDefined": false
      }
    ],
    "isTemplate": false,
    "count": 0,
    "updated": 1507523821
  },
  {
    "id": "2da8f4b0-4afd-4ea5-a6e3-0ef5e324a347",
    "data": [
      {
        "text": "Lecture location for ",
        "userDefined": false
      },
      {
        "text": "comp9318",
        "alias": "course_code",
        "meta": "@course_code",
        "userDefined": false
      }
    ],
    "isTemplate": false,
    "count": 1,
    "updated": 1507523821
  },
  {
    "id": "566e57db-ccab-43b2-9f07-f9b34d8d4176",
    "data": [
      {
        "text": "Comp9517",
        "alias": "course_code",
        "meta": "@course_code",
        "userDefined": false
      },
      {
        "text": " hold on?",
        "userDefined": false
      }
    ],
    "isTemplate": false,
    "count": 0,
    "updated": 1507388706
  },
  {
    "id": "a722c4d2-4e8e-424c-ab6b-57b88a3756f1",
    "data": [
      {
        "text": "Comp9417",
        "alias": "course_code",
        "meta": "@course_code",
        "userDefined": false
      },
      {
        "text": " hold on?",
        "userDefined": false
      }
    ],
    "isTemplate": false,
    "count": 0,
    "updated": 1507388706
  },
  {
    "id": "f6d19c0c-1db1-4875-a245-ab775bb0a239",
    "data": [
      {
        "text": "Where is the lecture for ",
        "userDefined": false
      },
      {
        "text": "comp9417",
        "alias": "course_code",
        "meta": "@course_code",
        "userDefined": false
      },
      {
        "text": " ",
        "userDefined": false
      },
      {
        "text": "today",
        "meta": "@sys.ignore",
        "userDefined": false
      },
      {
        "text": "?",
        "userDefined": false
      }
    ],
    "isTemplate": false,
    "count": 0,
    "updated": 1507521010
  },
  {
    "id": "e505e161-907c-472b-9295-70ffb37b0f89",
    "data": [
      {
        "text": "where are the ",
        "userDefined": false
      },
      {
        "text": "tutorials",
        "alias": "activity",
        "meta": "@activity",
        "userDefined": false
      },
      {
        "text": " for ",
        "userDefined": false
      },
      {
        "text": "data warehousing",
        "alias": "course_code",
        "meta": "@course_code",
        "userDefined": true
      },
      {
        "text": " held at?",
        "userDefined": false
      }
    ],
    "isTemplate": false,
    "count": 0,
    "updated": 1507383816
  },
  {
    "id": "0227e397-f9ae-4ddb-97cf-285f09bed017",
    "data": [
      {
        "text": "where do they have the ",
        "userDefined": false
      },
      {
        "text": "labs",
        "alias": "activity",
        "meta": "@activity",
        "userDefined": false
      },
      {
        "text": " for ",
        "userDefined": false
      },
      {
        "text": "comp9313",
        "alias": "course_code",
        "meta": "@course_code",
        "userDefined": false
      },
      {
        "text": "?",
        "userDefined": false
      }
    ],
    "isTemplate": false,
    "count": 0,
    "updated": 1507383816
  },
  {
    "id": "b1b3d4bb-4079-4454-b348-c5bf4b09d9b3",
    "data": [
      {
        "text": "where are ",
        "userDefined": false
      },
      {
        "text": "big data management",
        "alias": "course_code",
        "meta": "@course_code",
        "userDefined": false
      },
      {
        "text": " ",
        "userDefined": false
      },
      {
        "text": "lectures",
        "alias": "activity",
        "meta": "@activity",
        "userDefined": true
      },
      {
        "text": " held on ",
        "userDefined": false
      },
      {
        "text": "mondays",
        "alias": "day",
        "meta": "@day",
        "userDefined": true
      },
      {
        "text": "?",
        "userDefined": false
      }
    ],
    "isTemplate": false,
    "count": 0,
    "updated": 1507521010
  },
  {
    "id": "2aed8d03-8723-49ca-b1e0-0442f476d688",
    "data": [
      {
        "text": "which room going to hold ",
        "userDefined": false
      },
      {
        "text": "COMP9323",
        "alias": "course_code",
        "meta": "@course_code",
        "userDefined": false
      },
      {
        "text": " ",
        "userDefined": false
      },
      {
        "text": "lecture",
        "alias": "activity",
        "meta": "@activity",
        "userDefined": true
      },
      {
        "text": "?",
        "userDefined": false
      }
    ],
    "isTemplate": false,
    "count": 0,
    "updated": 1507383816
  },
  {
    "id": "7194f36b-c380-4ef4-9530-14dd39be82b2",
    "data": [
      {
        "text": "COMP9323",
        "alias": "course_code",
        "meta": "@course_code",
        "userDefined": false
      },
      {
        "text": " hold in?",
        "userDefined": false
      }
    ],
    "isTemplate": false,
    "count": 0,
    "updated": 0
  },
  {
    "id": "5169ff17-d5a5-424a-bf61-f821c23955c3",
    "data": [
      {
        "text": "Where is the lecture for ",
        "userDefined": false
      },
      {
        "text": "COMP9323",
        "alias": "course_code",
        "meta": "@course_code",
        "userDefined": false
      },
      {
        "text": " ",
        "userDefined": false
      },
      {
        "text": "today",
        "meta": "@sys.ignore",
        "userDefined": false
      },
      {
        "text": "?",
        "userDefined": false
      }
    ],
    "isTemplate": false,
    "count": 0,
    "updated": 1507521010
  }
]