[
  {
    "id": "58c8309d-0f2e-4320-8e1c-6479dfbc6cf6",
    "data": [
      {
        "text": "Show me courses related to ",
        "userDefined": false
      },
      {
        "text": "human biology",
        "alias": "course_code",
        "meta": "@course_code",
        "userDefined": false
      }
    ],
    "isTemplate": false,
    "count": 0,
    "updated": 1508149077
  },
  {
    "id": "92f9b71a-4648-4bdd-a982-c17b01f956b9",
    "data": [
      {
        "text": "is there a course like ",
        "userDefined": false
      },
      {
        "text": "data warehousing",
        "alias": "course_code",
        "meta": "@course_code",
        "userDefined": true
      }
    ],
    "isTemplate": false,
    "count": 0,
    "updated": 1507524035
  },
  {
    "id": "4095b692-882b-4ff7-b7fb-1d274ddf5fdb",
    "data": [
      {
        "text": "Show me courses like ",
        "userDefined": false
      },
      {
        "text": "marketing",
        "alias": "course_code",
        "meta": "@course_code",
        "userDefined": false
      },
      {
        "text": " and finance",
        "userDefined": false
      }
    ],
    "isTemplate": false,
    "count": 1,
    "updated": 1507525510
  },
  {
    "id": "998e5e97-68eb-464f-a116-336175b00307",
    "data": [
      {
        "text": "Get me courses like ",
        "userDefined": false
      },
      {
        "text": "enterprise project",
        "alias": "course_code",
        "meta": "@course_code",
        "userDefined": false
      }
    ],
    "isTemplate": false,
    "count": 0,
    "updated": 1507520392
  },
  {
    "id": "d6751525-c6e8-4510-afe5-efc5146fadfe",
    "data": [
      {
        "text": "What are the courses related to ",
        "userDefined": false
      },
      {
        "text": "enterprise",
        "alias": "course_code",
        "meta": "@course_code",
        "userDefined": false
      }
    ],
    "isTemplate": false,
    "count": 0,
    "updated": 1507523820
  },
  {
    "id": "26924e73-d2f9-4c7f-84ea-fdd75882783e",
    "data": [
      {
        "text": "Courses like ",
        "userDefined": false
      },
      {
        "text": "data warehousing",
        "alias": "course_code",
        "meta": "@course_code",
        "userDefined": false
      }
    ],
    "isTemplate": false,
    "count": 0,
    "updated": 1507523999
  },
  {
    "id": "f7c359df-54fc-471b-8ffe-a82c6ae5915c",
    "data": [
      {
        "text": "Show me courses like ",
        "userDefined": false
      },
      {
        "text": "data warehousing",
        "alias": "course_code",
        "meta": "@course_code",
        "userDefined": false
      }
    ],
    "isTemplate": false,
    "count": 1,
    "updated": 1507524035
  },
  {
    "id": "a949893c-6d16-40f1-9e35-8d5a31947bf0",
    "data": [
      {
        "text": "Can you find me courses like ",
        "userDefined": false
      },
      {
        "text": "enterprise",
        "alias": "course_code",
        "meta": "@course_code",
        "userDefined": false
      }
    ],
    "isTemplate": false,
    "count": 0,
    "updated": 1507523999
  },
  {
    "id": "accb270a-df62-4163-b991-c4f4198cc200",
    "data": [
      {
        "text": "Show courses related to ",
        "userDefined": false
      },
      {
        "text": "biology",
        "alias": "course_code",
        "meta": "@course_code",
        "userDefined": false
      }
    ],
    "isTemplate": false,
    "count": 0,
    "updated": 1508149077
  },
  {
    "id": "3be3b155-3218-46ff-8039-0f97a23b45aa",
    "data": [
      {
        "text": "Show me all courses like ",
        "userDefined": false
      },
      {
        "text": "big data",
        "alias": "course_code",
        "meta": "@course_code",
        "userDefined": false
      }
    ],
    "isTemplate": false,
    "count": 0,
    "updated": 1507520392
  },
  {
    "id": "cc3a533f-5edc-4b0d-add6-d5801d50dd62",
    "data": [
      {
        "text": "Give me a list of courses related to ",
        "userDefined": false
      },
      {
        "text": "enterprise",
        "alias": "course_code",
        "meta": "@course_code",
        "userDefined": false
      }
    ],
    "isTemplate": false,
    "count": 1,
    "updated": 1507527382
  },
  {
    "id": "45768be0-2884-481d-9ff7-3839a518e1fd",
    "data": [
      {
        "text": "List all courses related to ",
        "userDefined": false
      },
      {
        "text": "data mining",
        "alias": "course_code",
        "meta": "@course_code",
        "userDefined": false
      }
    ],
    "isTemplate": false,
    "count": 0,
    "updated": 1507523820
  },
  {
    "id": "064f713e-6a6e-4094-9515-0010cd585fdc",
    "data": [
      {
        "text": "help me find comp courses related to ",
        "userDefined": false
      },
      {
        "text": "enterprise",
        "alias": "course_code",
        "meta": "@course_code",
        "userDefined": false
      }
    ],
    "isTemplate": false,
    "count": 0,
    "updated": 1507518407
  },
  {
    "id": "8cdbf3f3-132f-4e96-b304-6e10dc8c1d26",
    "data": [
      {
        "text": "help me find ",
        "userDefined": false
      },
      {
        "text": "enterprise",
        "alias": "course_code",
        "meta": "@course_code",
        "userDefined": true
      },
      {
        "text": " related courses?",
        "userDefined": false
      }
    ],
    "isTemplate": false,
    "count": 0,
    "updated": 1507518407
  },
  {
    "id": "c2f1dcc6-c14b-47e8-9de3-b12bfc766f5b",
    "data": [
      {
        "text": "Show all courses related to ",
        "userDefined": false
      },
      {
        "text": "data mining",
        "alias": "course_code",
        "meta": "@course_code",
        "userDefined": false
      }
    ],
    "isTemplate": false,
    "count": 3,
    "updated": 1507455316
  },
  {
    "id": "e9d51d6d-8235-49b0-8c66-4bf47debe538",
    "data": [
      {
        "text": "List all courses related to ",
        "userDefined": false
      },
      {
        "text": "machine learning",
        "alias": "course_code",
        "meta": "@course_code",
        "userDefined": false
      }
    ],
    "isTemplate": false,
    "count": 1,
    "updated": 1507517374
  },
  {
    "id": "a6c155f3-7156-4df9-aa4a-ce0f5678f3f1",
    "data": [
      {
        "text": "Can you help me find any courses that have ",
        "userDefined": false
      },
      {
        "text": "enterprise",
        "alias": "course_code",
        "meta": "@course_code",
        "userDefined": true
      },
      {
        "text": " related topics?",
        "userDefined": false
      }
    ],
    "isTemplate": false,
    "count": 1,
    "updated": 1507523759
  },
  {
    "id": "a5359532-120f-49ae-8c43-b9f68bbbccd7",
    "data": [
      {
        "text": "Show me all the courses like ",
        "userDefined": false
      },
      {
        "text": "big data",
        "alias": "course_code",
        "meta": "@course_code",
        "userDefined": false
      }
    ],
    "isTemplate": false,
    "count": 1,
    "updated": 1507527382
  },
  {
    "id": "1da5460b-2eb6-47f1-8309-4237b8fdf115",
    "data": [
      {
        "text": "Show me all courses related to ",
        "userDefined": false
      },
      {
        "text": "marketing",
        "alias": "course_code",
        "meta": "@course_code",
        "userDefined": false
      }
    ],
    "isTemplate": false,
    "count": 1,
    "updated": 1507525510
  },
  {
    "id": "a6e79e58-50a8-4676-834e-2aeb1397b50c",
    "data": [
      {
        "text": "Show me courses like ",
        "userDefined": false
      },
      {
        "text": "big data",
        "alias": "course_code",
        "meta": "@course_code",
        "userDefined": false
      }
    ],
    "isTemplate": false,
    "count": 2,
    "updated": 1507527382
  },
  {
    "id": "ab914af6-4525-4cda-bb3e-040a60a0891d",
    "data": [
      {
        "text": "Show me any courses related to ",
        "userDefined": false
      },
      {
        "text": "big data",
        "alias": "course_code",
        "meta": "@course_code",
        "userDefined": false
      }
    ],
    "isTemplate": false,
    "count": 0,
    "updated": 1507523820
  },
  {
    "id": "34ccaae9-95c5-4448-9146-0bcdd02a48cf",
    "data": [
      {
        "text": "give me courses on ",
        "userDefined": false
      },
      {
        "text": "enterprise",
        "alias": "course_code",
        "meta": "@course_code",
        "userDefined": false
      }
    ],
    "isTemplate": false,
    "count": 0,
    "updated": 1507518314
  },
  {
    "id": "dd4094d9-74d4-4554-a64f-c3583a4e8b2d",
    "data": [
      {
        "text": "Show me the courses related to ",
        "userDefined": false
      },
      {
        "text": "enterprise",
        "alias": "course_code",
        "meta": "@course_code",
        "userDefined": false
      }
    ],
    "isTemplate": false,
    "count": 1,
    "updated": 1507527382
  },
  {
    "id": "6b89767f-0e14-46d5-b304-070e4cd94e0a",
    "data": [
      {
        "text": "Give me courses related to ",
        "userDefined": false
      },
      {
        "text": "data mining",
        "alias": "course_code",
        "meta": "@course_code",
        "userDefined": false
      }
    ],
    "isTemplate": false,
    "count": 0,
    "updated": 1507527382
  },
  {
    "id": "f32057f0-56d6-4d3a-9311-43e43cf707d9",
    "data": [
      {
        "text": "can you help me find any courses that are related to ",
        "userDefined": false
      },
      {
        "text": "enterprise",
        "alias": "course_code",
        "meta": "@course_code",
        "userDefined": false
      },
      {
        "text": " development",
        "userDefined": false
      }
    ],
    "isTemplate": false,
    "count": 0,
    "updated": 1507518407
  },
  {
    "id": "d133323e-16ed-48f6-9d19-0c3ec05f84ab",
    "data": [
      {
        "text": "Show me all courses on ",
        "userDefined": false
      },
      {
        "text": "big data",
        "alias": "course_code",
        "meta": "@course_code",
        "userDefined": false
      }
    ],
    "isTemplate": false,
    "count": 0,
    "updated": 1507523999
  },
  {
    "id": "023dcaa8-33e1-440d-b579-36c8f4976266",
    "data": [
      {
        "text": "Show me courses like ",
        "userDefined": false
      },
      {
        "text": "ethics",
        "alias": "course_code",
        "meta": "@course_code",
        "userDefined": true
      }
    ],
    "isTemplate": false,
    "count": 1,
    "updated": 1507455316
  },
  {
    "id": "39fb55e9-a1b4-427d-93f7-f565406c4c15",
    "data": [
      {
        "text": "show the courses that are similar to ",
        "userDefined": false
      },
      {
        "text": "comp9323",
        "alias": "course_code",
        "meta": "@course_code",
        "userDefined": false
      }
    ],
    "isTemplate": false,
    "count": 0,
    "updated": 1505690701
  },
  {
    "id": "b4469051-9ef9-4474-bae1-22f419f047fe",
    "data": [
      {
        "text": "show me courses that similar ",
        "userDefined": false
      },
      {
        "text": "to",
        "meta": "@sys.ignore",
        "userDefined": true
      },
      {
        "text": " ",
        "userDefined": false
      },
      {
        "text": "comp9323",
        "alias": "course_code",
        "meta": "@course_code",
        "userDefined": false
      }
    ],
    "isTemplate": false,
    "count": 0,
    "updated": 0
  },
  {
    "id": "c8a676d8-2067-42f4-8011-d6078f45bb4c",
    "data": [
      {
        "text": "Show me courses like ",
        "userDefined": false
      },
      {
        "text": "artificial intelligence",
        "alias": "course_code",
        "meta": "@course_code",
        "userDefined": true
      }
    ],
    "isTemplate": false,
    "count": 1,
    "updated": 1507455316
  },
  {
    "id": "374873b3-abe2-4c4f-972f-2338eedf2275",
    "data": [
      {
        "text": "Get me courses like ",
        "userDefined": false
      },
      {
        "text": "enterprise",
        "alias": "course_code",
        "meta": "@course_code",
        "userDefined": false
      }
    ],
    "isTemplate": false,
    "count": 0,
    "updated": 1507520392
  },
  {
    "id": "412b78d9-9a6f-4dbb-8287-c19cab3bf602",
    "data": [
      {
        "text": "what are the courses that cover topics on ",
        "userDefined": false
      },
      {
        "text": "machine learning",
        "alias": "course_code",
        "meta": "@course_code",
        "userDefined": true
      },
      {
        "text": "?",
        "userDefined": false
      }
    ],
    "isTemplate": false,
    "count": 0,
    "updated": 1505690701
  },
  {
    "id": "f2ad2252-08c3-4621-91bc-ccfeddab99a5",
    "data": [
      {
        "text": "any courses on ",
        "userDefined": false
      },
      {
        "text": "enterprise",
        "alias": "course_code",
        "meta": "@course_code",
        "userDefined": true
      }
    ],
    "isTemplate": false,
    "count": 0,
    "updated": 1507466077
  },
  {
    "id": "0849cd88-4b42-4f8a-b8b3-6b11ed2955c0",
    "data": [
      {
        "text": "Show me all courses like ",
        "userDefined": false
      },
      {
        "text": "ethics",
        "alias": "course_code",
        "meta": "@course_code",
        "userDefined": true
      }
    ],
    "isTemplate": false,
    "count": 1,
    "updated": 1507455316
  },
  {
    "id": "16d0f8fd-0830-4da8-a4f0-c1dd299f740a",
    "data": [
      {
        "text": "Describe ",
        "userDefined": false
      },
      {
        "text": "comp9321",
        "alias": "course_code",
        "meta": "@course_code",
        "userDefined": false
      }
    ],
    "isTemplate": false,
    "count": 1,
    "updated": 1507455316
  },
  {
    "id": "fc56c847-f9d6-40e0-92c0-16efc8406d0d",
    "data": [
      {
        "text": "get me the courses that deal with topics on ",
        "userDefined": false
      },
      {
        "text": "machine learning",
        "alias": "course_code",
        "meta": "@course_code",
        "userDefined": true
      },
      {
        "text": "?",
        "userDefined": false
      }
    ],
    "isTemplate": false,
    "count": 0,
    "updated": 1505690701
  },
  {
    "id": "4df7ea28-18e1-4e13-8da6-cfa9f8708bcb",
    "data": [
      {
        "text": "what courses teach ",
        "userDefined": false
      },
      {
        "text": "data warehousing",
        "alias": "course_code",
        "meta": "@course_code",
        "userDefined": true
      },
      {
        "text": "?",
        "userDefined": false
      }
    ],
    "isTemplate": false,
    "count": 0,
    "updated": 1507211749
  },
  {
    "id": "4c2ce40b-494b-4d9d-9298-233daab0a7dc",
    "data": [
      {
        "text": "what are the courses that teach you ",
        "userDefined": false
      },
      {
        "text": "data ware housing",
        "alias": "course_code",
        "meta": "@course_code",
        "userDefined": true
      },
      {
        "text": "?",
        "userDefined": false
      }
    ],
    "isTemplate": false,
    "count": 0,
    "updated": 1505690701
  },
  {
    "id": "d17f1e75-f9ac-48fd-96fd-f4d3db470045",
    "data": [
      {
        "text": "help me find courses related to ",
        "userDefined": false
      },
      {
        "text": "commerce",
        "alias": "course_code",
        "meta": "@course_code",
        "userDefined": false
      }
    ],
    "isTemplate": false,
    "count": 0,
    "updated": 1507518407
  },
  {
    "id": "8c0c8027-2276-4baa-9f1f-bda6354e8e42",
    "data": [
      {
        "text": "help me find courses related to ",
        "userDefined": false
      },
      {
        "text": "commerece",
        "alias": "course_code",
        "meta": "@course_code",
        "userDefined": false
      }
    ],
    "isTemplate": false,
    "count": 0,
    "updated": 1507518407
  },
  {
    "id": "9e1f3b75-440c-445c-98d9-08ed6aa74bab",
    "data": [
      {
        "text": "Show all courses related to ",
        "userDefined": false
      },
      {
        "text": "artificial intelligence",
        "alias": "course_code",
        "meta": "@course_code",
        "userDefined": false
      }
    ],
    "isTemplate": false,
    "count": 2,
    "updated": 1507455316
  },
  {
    "id": "489da0af-878a-4d17-8e9d-76173853f53e",
    "data": [
      {
        "text": "Show me ",
        "userDefined": false
      },
      {
        "text": "all",
        "meta": "@sys.ignore",
        "userDefined": false
      },
      {
        "text": " courses like ",
        "userDefined": false
      },
      {
        "text": "machine learning",
        "alias": "course_code",
        "meta": "@course_code",
        "userDefined": true
      }
    ],
    "isTemplate": false,
    "count": 1,
    "updated": 1507455316
  },
  {
    "id": "b168514b-d783-4722-8458-0a7177d03aa5",
    "data": [
      {
        "text": "Show me courses that similar to ",
        "userDefined": false
      },
      {
        "text": "comp9321",
        "alias": "course_code",
        "meta": "@course_code",
        "userDefined": false
      }
    ],
    "isTemplate": false,
    "count": 1,
    "updated": 1507410064
  },
  {
    "id": "cc537253-31c8-44dd-8496-07059138873e",
    "data": [
      {
        "text": "Show all courses related to ",
        "userDefined": false
      },
      {
        "text": "machine learning",
        "alias": "course_code",
        "meta": "@course_code",
        "userDefined": false
      }
    ],
    "isTemplate": false,
    "count": 1,
    "updated": 1507455316
  },
  {
    "id": "edf7c130-6e72-49b6-bc3a-a8e1e51361dc",
    "data": [
      {
        "text": "can you get me the courses that teach you ",
        "userDefined": false
      },
      {
        "text": "machine learning",
        "alias": "course_code",
        "meta": "@course_code",
        "userDefined": true
      },
      {
        "text": "?",
        "userDefined": false
      }
    ],
    "isTemplate": false,
    "count": 0,
    "updated": 0
  },
  {
    "id": "dd1c3e10-da25-4e50-a9eb-abe3b1d255a5",
    "data": [
      {
        "text": "get me the courses that deal with topics on ",
        "userDefined": false
      },
      {
        "text": "data warehousing",
        "alias": "course_code",
        "meta": "@course_code",
        "userDefined": true
      }
    ],
    "isTemplate": false,
    "count": 0,
    "updated": 1505690701
  },
  {
    "id": "f91ed99f-53ed-48eb-b0e9-6d3ba50d9ecb",
    "data": [
      {
        "text": "give the courses that teach ",
        "userDefined": false
      },
      {
        "text": "data warehousing",
        "alias": "course_code",
        "meta": "@course_code",
        "userDefined": true
      }
    ],
    "isTemplate": false,
    "count": 0,
    "updated": 1505729013
  },
  {
    "id": "09eb285a-b7d6-4325-83c6-aab10c09b209",
    "data": [
      {
        "text": "Show all courses related to ",
        "userDefined": false
      },
      {
        "text": "Machine learning",
        "alias": "course_code",
        "meta": "@course_code",
        "userDefined": true
      }
    ],
    "isTemplate": false,
    "count": 0,
    "updated": 1507249517
  },
  {
    "id": "38849594-f5cd-4f7c-a4f0-fc3e2b6b1251",
    "data": [
      {
        "text": "Can you show the courses that are on ",
        "userDefined": false
      },
      {
        "text": "machine learning",
        "alias": "course_code",
        "meta": "@course_code",
        "userDefined": true
      },
      {
        "text": "?",
        "userDefined": false
      }
    ],
    "isTemplate": false,
    "count": 0,
    "updated": 0
  },
  {
    "id": "e7f9e2f3-5c7d-4991-8944-46873ba35df0",
    "data": [
      {
        "text": "what are the courses that teach ",
        "userDefined": false
      },
      {
        "text": "machine learning",
        "alias": "course_code",
        "meta": "@course_code",
        "userDefined": true
      },
      {
        "text": "?",
        "userDefined": false
      }
    ],
    "isTemplate": false,
    "count": 1,
    "updated": 1507443149
  },
  {
    "id": "faed61fe-8381-4500-b969-5d62c5862829",
    "data": [
      {
        "text": "what are the courses that teach ",
        "userDefined": false
      },
      {
        "text": "machine learning",
        "alias": "course_code",
        "meta": "@course_code",
        "userDefined": true
      }
    ],
    "isTemplate": false,
    "count": 0,
    "updated": 1507411977
  }
]