[
  {
    "id": "b342a075-de4b-4fdb-a1bc-7be54f750dd0",
    "data": [
      {
        "text": "How many units of credit are there in ",
        "userDefined": false
      },
      {
        "text": "comp9323",
        "alias": "course_code",
        "meta": "@course_code",
        "userDefined": false
      }
    ],
    "isTemplate": false,
    "count": 1,
    "updated": 1507468930
  },
  {
    "id": "8737c6fc-5f41-4fdc-80d7-766f35cbec34",
    "data": [
      {
        "text": "What is the uoc for ",
        "userDefined": false
      },
      {
        "text": "comp9323",
        "alias": "course_code",
        "meta": "@course_code",
        "userDefined": false
      }
    ],
    "isTemplate": false,
    "count": 0,
    "updated": 1507524000
  },
  {
    "id": "04c9981a-8494-4604-b820-1eda18b2bbf5",
    "data": [
      {
        "text": "what is the UOC count for ",
        "userDefined": false
      },
      {
        "text": "big data management",
        "alias": "course_code",
        "meta": "@course_code",
        "userDefined": false
      }
    ],
    "isTemplate": false,
    "count": 0,
    "updated": 1507226782
  },
  {
    "id": "5d74c787-0a42-4e4c-a359-1fb9dfefc0a7",
    "data": [
      {
        "text": "how much UOC is ",
        "userDefined": false
      },
      {
        "text": "big data management",
        "alias": "course_code",
        "meta": "@course_code",
        "userDefined": false
      },
      {
        "text": " worth?",
        "userDefined": false
      }
    ],
    "isTemplate": false,
    "count": 1,
    "updated": 1507226782
  },
  {
    "id": "dc7f7d42-0e7f-42d6-841a-7f0187840a8d",
    "data": [
      {
        "text": "how much UOC is ",
        "userDefined": false
      },
      {
        "text": "data warehousing",
        "alias": "course_code",
        "meta": "@course_code",
        "userDefined": false
      },
      {
        "text": " worth?",
        "userDefined": false
      }
    ],
    "isTemplate": false,
    "count": 0,
    "updated": 1507226782
  },
  {
    "id": "a26a4afe-e22b-4f2d-845f-6cfee3223d84",
    "data": [
      {
        "text": "comp9323",
        "alias": "course_code",
        "meta": "@course_code",
        "userDefined": false
      },
      {
        "text": " offer how many credits?",
        "userDefined": false
      }
    ],
    "isTemplate": false,
    "count": 0,
    "updated": 0
  },
  {
    "id": "82ff8159-f179-47d5-b005-da03316ee86c",
    "data": [
      {
        "text": "how many credits in ",
        "userDefined": false
      },
      {
        "text": "comp9323",
        "alias": "course_code",
        "meta": "@course_code",
        "userDefined": false
      },
      {
        "text": "?",
        "userDefined": false
      }
    ],
    "isTemplate": false,
    "count": 0,
    "updated": 0
  },
  {
    "id": "3f29a442-9af6-43e5-872e-9a7277bb87a4",
    "data": [
      {
        "text": "how much credits is ",
        "userDefined": false
      },
      {
        "text": "comp9323",
        "alias": "course_code",
        "meta": "@course_code",
        "userDefined": false
      },
      {
        "text": " worth?",
        "userDefined": false
      }
    ],
    "isTemplate": false,
    "count": 0,
    "updated": 0
  },
  {
    "id": "22a84c57-03f1-4217-bb60-aad757b66da0",
    "data": [
      {
        "text": "how much credits does ",
        "userDefined": false
      },
      {
        "text": "comp9323",
        "alias": "course_code",
        "meta": "@course_code",
        "userDefined": false
      },
      {
        "text": " ",
        "userDefined": false
      },
      {
        "text": "grant",
        "meta": "@sys.ignore",
        "userDefined": false
      },
      {
        "text": " on completion?",
        "userDefined": false
      }
    ],
    "isTemplate": false,
    "count": 0,
    "updated": 0
  },
  {
    "id": "4be0c317-1f8b-4eba-9d81-0316cafd4fe8",
    "data": [
      {
        "text": "how many credits ",
        "userDefined": false
      },
      {
        "text": "comp9323",
        "alias": "course_code",
        "meta": "@course_code",
        "userDefined": false
      },
      {
        "text": " ",
        "userDefined": false
      },
      {
        "text": "grants",
        "meta": "@sys.ignore",
        "userDefined": false
      },
      {
        "text": "?",
        "userDefined": false
      }
    ],
    "isTemplate": false,
    "count": 0,
    "updated": 0
  },
  {
    "id": "c8af2d0b-c420-42a1-b868-b915860fa0ee",
    "data": [
      {
        "text": "How much units of credit is given on completion of ",
        "userDefined": false
      },
      {
        "text": "COMP9323",
        "alias": "course_code",
        "meta": "@course_code",
        "userDefined": false
      },
      {
        "text": "?",
        "userDefined": false
      }
    ],
    "isTemplate": false,
    "count": 0,
    "updated": 0
  }
]