[
  {
    "id": "e15db715-9e86-4302-8fad-bbaad0dbc51f",
    "data": [
      {
        "text": "hey chappie, what is ",
        "userDefined": false
      },
      {
        "text": "comp9444",
        "alias": "course_code",
        "meta": "@course_code",
        "userDefined": true
      },
      {
        "text": " about?",
        "userDefined": false
      }
    ],
    "isTemplate": false,
    "count": 0,
    "updated": 1508288337
  },
  {
    "id": "0872430f-2892-4a15-836d-c56537f2cd32",
    "data": [
      {
        "text": "what is ",
        "userDefined": false
      },
      {
        "text": "comp9323",
        "alias": "course_code",
        "meta": "@course_code",
        "userDefined": false
      },
      {
        "text": " about?",
        "userDefined": false
      }
    ],
    "isTemplate": false,
    "count": 1,
    "updated": 1507518314
  },
  {
    "id": "35d41f2c-f6a3-49bb-bee9-cf99752dfd5a",
    "data": [
      {
        "text": "what is ",
        "userDefined": false
      },
      {
        "text": "comp9318",
        "alias": "course_code",
        "meta": "@course_code",
        "userDefined": false
      },
      {
        "text": " about?",
        "userDefined": false
      }
    ],
    "isTemplate": false,
    "count": 1,
    "updated": 1507356002
  },
  {
    "id": "154963cc-2d79-4582-a439-cdf1d2933050",
    "data": [
      {
        "text": "What ",
        "userDefined": false
      },
      {
        "text": "comp9313",
        "alias": "course_code",
        "meta": "@course_code",
        "userDefined": false
      },
      {
        "text": " is ",
        "userDefined": false
      },
      {
        "text": "about",
        "meta": "@sys.ignore",
        "userDefined": false
      },
      {
        "text": "?",
        "userDefined": false
      }
    ],
    "isTemplate": false,
    "count": 1,
    "updated": 1507527385
  },
  {
    "id": "f0aed83e-4ecd-498e-bd60-532145e8ab92",
    "data": [
      {
        "text": "Is there any description about ",
        "userDefined": false
      },
      {
        "text": "comp9313",
        "alias": "course_code",
        "meta": "@course_code",
        "userDefined": false
      },
      {
        "text": "?",
        "userDefined": false
      }
    ],
    "isTemplate": false,
    "count": 1,
    "updated": 1507356108
  },
  {
    "id": "802217e5-c501-4a8e-b6fe-b3a5fea06032",
    "data": [
      {
        "text": "give me the descriptio for ",
        "userDefined": false
      },
      {
        "text": "comp9323",
        "alias": "course_code",
        "meta": "@course_code",
        "userDefined": false
      }
    ],
    "isTemplate": false,
    "count": 4,
    "updated": 1507467717
  },
  {
    "id": "5e763093-f7cc-4563-8078-81dcf0eb1428",
    "data": [
      {
        "text": "Show me ",
        "userDefined": false
      },
      {
        "text": "comp9313",
        "alias": "course_code",
        "meta": "@course_code",
        "userDefined": false
      },
      {
        "text": " lecture location",
        "userDefined": false
      }
    ],
    "isTemplate": false,
    "count": 0,
    "updated": 1507523885
  },
  {
    "id": "f5c43201-04cb-49cf-9cb7-5f4908393666",
    "data": [
      {
        "text": "what is ",
        "userDefined": false
      },
      {
        "text": "comp9323",
        "alias": "course_code",
        "meta": "@course_code",
        "userDefined": false
      },
      {
        "text": " about",
        "userDefined": false
      }
    ],
    "isTemplate": false,
    "count": 1,
    "updated": 1507517374
  },
  {
    "id": "0a229d24-0663-400e-b260-39218fbdec83",
    "data": [
      {
        "text": "Give me a description about ",
        "userDefined": false
      },
      {
        "text": "comp9323",
        "alias": "course_code",
        "meta": "@course_code",
        "userDefined": false
      },
      {
        "text": "?",
        "userDefined": false
      }
    ],
    "isTemplate": false,
    "count": 1,
    "updated": 1507252278
  },
  {
    "id": "599f38da-8cb2-4e4a-af6b-831ca64e759d",
    "data": [
      {
        "text": "what is ",
        "userDefined": false
      },
      {
        "text": "comp9323",
        "alias": "course_code",
        "meta": "@course_code",
        "userDefined": false
      }
    ],
    "isTemplate": false,
    "count": 3,
    "updated": 1508149008
  },
  {
    "id": "7d025f66-f9a6-4c0a-b943-eff8cb2903d8",
    "data": [
      {
        "text": "Give me the description for ",
        "userDefined": false
      },
      {
        "text": "comp9323",
        "alias": "course_code",
        "meta": "@course_code",
        "userDefined": false
      }
    ],
    "isTemplate": false,
    "count": 0,
    "updated": 1507468930
  },
  {
    "id": "6665aa9e-e5bd-48aa-b610-8788e422bd72",
    "data": [
      {
        "text": "Tell me more about comp9321",
        "userDefined": false
      }
    ],
    "isTemplate": false,
    "count": 1,
    "updated": 1507385795
  },
  {
    "id": "3c9d08c1-2465-43bc-9e7e-6ddae3b65017",
    "data": [
      {
        "text": "What is ",
        "userDefined": false
      },
      {
        "text": "comp0000",
        "alias": "course_code",
        "meta": "@course_code",
        "userDefined": false
      },
      {
        "text": " about",
        "userDefined": false
      }
    ],
    "isTemplate": false,
    "count": 1,
    "updated": 1507527385
  },
  {
    "id": "9a07363a-b0df-4a2f-a7da-55a262df43be",
    "data": [
      {
        "text": "give me description of ",
        "userDefined": false
      },
      {
        "text": "comp9313",
        "alias": "course_code",
        "meta": "@course_code",
        "userDefined": false
      },
      {
        "text": "?",
        "userDefined": false
      }
    ],
    "isTemplate": false,
    "count": 0,
    "updated": 1507252062
  },
  {
    "id": "6e7efbad-f382-4bc4-bf7b-5972f5785036",
    "data": [
      {
        "text": "What is ",
        "userDefined": false
      },
      {
        "text": "mark5700",
        "alias": "course_code",
        "meta": "@course_code",
        "userDefined": false
      },
      {
        "text": " about",
        "userDefined": false
      }
    ],
    "isTemplate": false,
    "count": 1,
    "updated": 1507525511
  },
  {
    "id": "065e8e05-65c2-4041-a9c7-4080ebc94446",
    "data": [
      {
        "text": "describe ",
        "userDefined": false
      },
      {
        "text": "comp9318",
        "alias": "course_code",
        "meta": "@course_code",
        "userDefined": false
      }
    ],
    "isTemplate": false,
    "count": 3,
    "updated": 1507467717
  },
  {
    "id": "6a5dc4ea-92be-41c4-a9f4-47d6185ba9ec",
    "data": [
      {
        "text": "What is ",
        "userDefined": false
      },
      {
        "text": "comp9323",
        "alias": "course_code",
        "meta": "@course_code",
        "userDefined": false
      },
      {
        "text": " about?",
        "userDefined": false
      }
    ],
    "isTemplate": false,
    "count": 1,
    "updated": 1508149049
  },
  {
    "id": "8eee1b9f-c318-43da-98b8-0dabd7889311",
    "data": [
      {
        "text": "What is ",
        "userDefined": false
      },
      {
        "text": "comp9323",
        "alias": "course_code",
        "meta": "@course_code",
        "userDefined": false
      },
      {
        "text": " about",
        "userDefined": false
      }
    ],
    "isTemplate": false,
    "count": 1,
    "updated": 1507527385
  },
  {
    "id": "d12e707b-35f3-4e5b-98bf-0623dd60214b",
    "data": [
      {
        "text": "What is ",
        "userDefined": false
      },
      {
        "text": "data warehousing and data mining",
        "alias": "course_code",
        "meta": "@course_code",
        "userDefined": false
      },
      {
        "text": " about",
        "userDefined": false
      }
    ],
    "isTemplate": false,
    "count": 2,
    "updated": 1507523821
  },
  {
    "id": "12f00f41-cc40-4ecf-a21a-5216a625d0ed",
    "data": [
      {
        "text": "Give me description for ",
        "userDefined": false
      },
      {
        "text": "comp0001",
        "alias": "course_code",
        "meta": "@course_code",
        "userDefined": false
      }
    ],
    "isTemplate": false,
    "count": 0,
    "updated": 1507520394
  },
  {
    "id": "498f50d6-0538-42a1-80e8-c81603765d26",
    "data": [
      {
        "text": "Get description of ",
        "userDefined": false
      },
      {
        "text": "cmp 9321",
        "alias": "course_code",
        "meta": "@course_code",
        "userDefined": false
      }
    ],
    "isTemplate": false,
    "count": 0,
    "updated": 1507524168
  },
  {
    "id": "a0087e64-56c5-46b4-8f9f-a590c5bd8723",
    "data": [
      {
        "text": "Get description of ",
        "userDefined": false
      },
      {
        "text": "cmp9321",
        "alias": "course_code",
        "meta": "@course_code",
        "userDefined": false
      }
    ],
    "isTemplate": false,
    "count": 0,
    "updated": 1507524168
  },
  {
    "id": "fbedacba-849a-4e2e-85e5-e7de7bb5526a",
    "data": [
      {
        "text": "COmP9900",
        "alias": "course_code",
        "meta": "@course_code",
        "userDefined": false
      }
    ],
    "isTemplate": false,
    "count": 0,
    "updated": 1507449497
  },
  {
    "id": "5c546d78-817e-4600-bcee-234a22e5b93c",
    "data": [
      {
        "text": "What is the description for ",
        "userDefined": false
      },
      {
        "text": "comp9321",
        "alias": "course_code",
        "meta": "@course_code",
        "userDefined": false
      }
    ],
    "isTemplate": false,
    "count": 1,
    "updated": 1507455317
  },
  {
    "id": "b6731c89-e66d-4cba-999f-4fa4d085cf0d",
    "data": [
      {
        "text": "Give me description of ",
        "userDefined": false
      },
      {
        "text": "comp9313",
        "alias": "course_code",
        "meta": "@course_code",
        "userDefined": false
      },
      {
        "text": "?",
        "userDefined": false
      }
    ],
    "isTemplate": false,
    "count": 1,
    "updated": 1507356108
  },
  {
    "id": "6cc8b7b3-08bd-4aa0-b6e3-dcd846ab2326",
    "data": [
      {
        "text": "What are (",
        "userDefined": false
      },
      {
        "text": "comp9900",
        "alias": "course_code",
        "meta": "@course_code",
        "userDefined": false
      },
      {
        "text": " and ",
        "userDefined": false
      },
      {
        "text": "comp9321",
        "alias": "course_code1",
        "meta": "@course_code",
        "userDefined": false
      },
      {
        "text": " ) about?",
        "userDefined": false
      }
    ],
    "isTemplate": false,
    "count": 1,
    "updated": 1507432438
  },
  {
    "id": "60ec07aa-4f71-47ee-841f-8afed10956ae",
    "data": [
      {
        "text": "What is the description of ",
        "userDefined": false
      },
      {
        "text": "comp9323",
        "alias": "course_code",
        "meta": "@course_code",
        "userDefined": false
      },
      {
        "text": "?",
        "userDefined": false
      }
    ],
    "isTemplate": false,
    "count": 1,
    "updated": 1507252278
  },
  {
    "id": "398dab49-eb85-4453-b95e-0ae0e63d6609",
    "data": [
      {
        "text": "What is ",
        "userDefined": false
      },
      {
        "text": "seng 2011",
        "alias": "course_code",
        "meta": "@course_code",
        "userDefined": false
      },
      {
        "text": " about",
        "userDefined": false
      }
    ],
    "isTemplate": false,
    "count": 0,
    "updated": 1507523885
  },
  {
    "id": "8e4a6f92-6761-4936-94c7-d1c965dc5242",
    "data": [
      {
        "text": "What is the description for ",
        "userDefined": false
      },
      {
        "text": "comp9323",
        "alias": "course_code",
        "meta": "@course_code",
        "userDefined": false
      }
    ],
    "isTemplate": false,
    "count": 1,
    "updated": 1507517545
  },
  {
    "id": "6c9f79da-0244-4c4c-93a3-4a20dc5ab893",
    "data": [
      {
        "text": "What is ",
        "userDefined": false
      },
      {
        "text": "comp9313",
        "alias": "course_code",
        "meta": "@course_code",
        "userDefined": false
      }
    ],
    "isTemplate": false,
    "count": 0,
    "updated": 1508149077
  },
  {
    "id": "98a77b64-9b7b-41f9-9a2a-603a1ea567e9",
    "data": [
      {
        "text": "look up for ",
        "userDefined": false
      },
      {
        "text": "comp9323",
        "alias": "course_code",
        "meta": "@course_code",
        "userDefined": false
      },
      {
        "text": " description",
        "userDefined": false
      }
    ],
    "isTemplate": false,
    "count": 0,
    "updated": 1505462224
  },
  {
    "id": "8b8e3bc9-78d0-4f3a-90db-fbd6583b3406",
    "data": [
      {
        "text": "Describe ",
        "userDefined": false
      },
      {
        "text": "comp9321",
        "alias": "course_code",
        "meta": "@course_code",
        "userDefined": false
      }
    ],
    "isTemplate": false,
    "count": 0,
    "updated": 1507468930
  },
  {
    "id": "420fa805-e1d7-44c0-a02f-96c59ac8d887",
    "data": [
      {
        "text": "give me the description for ",
        "userDefined": false
      },
      {
        "text": "comp9313",
        "alias": "course_code",
        "meta": "@course_code",
        "userDefined": false
      }
    ],
    "isTemplate": false,
    "count": 2,
    "updated": 1507251982
  },
  {
    "id": "abc71afd-03a8-4c8b-acb5-f760ae7d5497",
    "data": [
      {
        "text": "Give me",
        "meta": "@sys.ignore",
        "userDefined": false
      },
      {
        "text": " a description about ",
        "userDefined": false
      },
      {
        "text": "comp9313",
        "alias": "course_code",
        "meta": "@course_code",
        "userDefined": true
      },
      {
        "text": "?",
        "userDefined": false
      }
    ],
    "isTemplate": false,
    "count": 2,
    "updated": 1507251554
  },
  {
    "id": "c8c151be-a2af-4e9c-9120-5261582615ad",
    "data": [
      {
        "text": "What is the description for ",
        "userDefined": false
      },
      {
        "text": "COMP9323",
        "alias": "course_code",
        "meta": "@course_code",
        "userDefined": false
      },
      {
        "text": "?",
        "userDefined": false
      }
    ],
    "isTemplate": false,
    "count": 0,
    "updated": 1505462224
  },
  {
    "id": "e12c69a8-6499-4444-89dd-3ca6cc890800",
    "data": [
      {
        "text": "comp9323",
        "alias": "course_code",
        "meta": "@course_code",
        "userDefined": false
      },
      {
        "text": " talk about what?",
        "userDefined": false
      }
    ],
    "isTemplate": false,
    "count": 0,
    "updated": 1505462224
  },
  {
    "id": "c1e2b25f-1e29-4be6-a47a-48f6c0ce5043",
    "data": [
      {
        "text": "lookup the description for ",
        "userDefined": false
      },
      {
        "text": "comp9323",
        "alias": "course_code",
        "meta": "@course_code",
        "userDefined": false
      }
    ],
    "isTemplate": false,
    "count": 0,
    "updated": 1505462224
  },
  {
    "id": "208b844f-64e8-4394-9df4-470a3b9c6b52",
    "data": [
      {
        "text": "Give me ",
        "userDefined": false
      },
      {
        "text": "comp9417",
        "alias": "course_code",
        "meta": "@course_code",
        "userDefined": false
      },
      {
        "text": " description",
        "userDefined": false
      }
    ],
    "isTemplate": false,
    "count": 2,
    "updated": 1507359219
  },
  {
    "id": "3e732488-8c09-4508-a0e7-e0c6c7a28814",
    "data": [
      {
        "text": "what is ",
        "userDefined": false
      },
      {
        "text": "comp9444",
        "alias": "course_code",
        "meta": "@course_code",
        "userDefined": false
      },
      {
        "text": " about?",
        "userDefined": false
      }
    ],
    "isTemplate": false,
    "count": 0,
    "updated": 1507355959
  },
  {
    "id": "26961407-249a-4d25-b9b6-e74220f5557e",
    "data": [
      {
        "text": "can u help me with the description for ",
        "userDefined": false
      },
      {
        "text": "comp9322",
        "alias": "course_code",
        "meta": "@course_code",
        "userDefined": false
      },
      {
        "text": "?",
        "userDefined": false
      }
    ],
    "isTemplate": false,
    "count": 1,
    "updated": 1507251661
  },
  {
    "id": "4b9511ec-13f8-4cd4-a796-ac8747660881",
    "data": [
      {
        "text": "show ",
        "userDefined": false
      },
      {
        "text": "comp9323",
        "alias": "course_code",
        "meta": "@course_code",
        "userDefined": false
      },
      {
        "text": " description",
        "userDefined": false
      }
    ],
    "isTemplate": false,
    "count": 0,
    "updated": 1505462224
  },
  {
    "id": "53ed7c85-9ad4-430e-891b-674b3f0813c5",
    "data": [
      {
        "text": "Get me ",
        "userDefined": false
      },
      {
        "text": "comp323",
        "alias": "course_code",
        "meta": "@course_code",
        "userDefined": false
      },
      {
        "text": " description",
        "userDefined": false
      }
    ],
    "isTemplate": false,
    "count": 1,
    "updated": 1507251798
  },
  {
    "id": "aae6df0a-0764-4954-ae72-fc36de7a40da",
    "data": [
      {
        "text": "get me the description for ",
        "userDefined": false
      },
      {
        "text": "comp9444",
        "alias": "course_code",
        "meta": "@course_code",
        "userDefined": false
      }
    ],
    "isTemplate": false,
    "count": 0,
    "updated": 1505462224
  },
  {
    "id": "e2588644-6cd8-4fd9-9700-938f418c7600",
    "data": [
      {
        "text": "describe ",
        "userDefined": false
      },
      {
        "text": "comp9323",
        "alias": "course_code",
        "meta": "@course_code",
        "userDefined": false
      }
    ],
    "isTemplate": false,
    "count": 1,
    "updated": 1507467717
  },
  {
    "id": "6692bc93-fb7d-4d2e-b854-92a7598e35f9",
    "data": [
      {
        "text": "can u help me with the description for ",
        "userDefined": false
      },
      {
        "text": "data warehousing",
        "alias": "course_code",
        "meta": "@course_code",
        "userDefined": false
      },
      {
        "text": "?",
        "userDefined": false
      }
    ],
    "isTemplate": false,
    "count": 1,
    "updated": 1507251731
  },
  {
    "id": "9ad60760-feb0-4b3b-9066-06ef2e823f46",
    "data": [
      {
        "text": "what is the description for ",
        "userDefined": false
      },
      {
        "text": "comp9313",
        "alias": "course_code",
        "meta": "@course_code",
        "userDefined": false
      },
      {
        "text": "?",
        "userDefined": false
      }
    ],
    "isTemplate": false,
    "count": 0,
    "updated": 1507251661
  },
  {
    "id": "5130f7af-df29-4065-bb31-7166585adfd0",
    "data": [
      {
        "text": "give me ",
        "userDefined": false
      },
      {
        "text": "comp9321",
        "alias": "course_code",
        "meta": "@course_code",
        "userDefined": false
      },
      {
        "text": " description",
        "userDefined": false
      }
    ],
    "isTemplate": false,
    "count": 0,
    "updated": 1507359374
  },
  {
    "id": "6feb5ded-3983-40cf-8bc8-17d6b75ec09e",
    "data": [
      {
        "text": "Get ",
        "userDefined": false
      },
      {
        "text": "me comp323",
        "alias": "course_code",
        "meta": "@course_code",
        "userDefined": false
      },
      {
        "text": " description",
        "userDefined": false
      }
    ],
    "isTemplate": false,
    "count": 1,
    "updated": 1507249710
  },
  {
    "id": "f8521b39-08c8-4210-b9bb-de0a924797ac",
    "data": [
      {
        "text": "What ",
        "userDefined": false
      },
      {
        "text": "comp9323",
        "alias": "course_code",
        "meta": "@course_code",
        "userDefined": false
      },
      {
        "text": " about?",
        "userDefined": false
      }
    ],
    "isTemplate": false,
    "count": 1,
    "updated": 1507251798
  },
  {
    "id": "d7ca8c1b-a8de-426e-a9a4-fe04281931e3",
    "data": [
      {
        "text": "what do they teach in ",
        "userDefined": false
      },
      {
        "text": "comp 9444",
        "alias": "course_code",
        "meta": "@course_code",
        "userDefined": false
      }
    ],
    "isTemplate": false,
    "count": 0,
    "updated": 1505462224
  },
  {
    "id": "ea8cb631-1ee5-4b98-978f-0408b551549e",
    "data": [
      {
        "text": "get me the description for ",
        "userDefined": false
      },
      {
        "text": "comp9323",
        "alias": "course_code",
        "meta": "@course_code",
        "userDefined": false
      }
    ],
    "isTemplate": false,
    "count": 2,
    "updated": 1507249563
  },
  {
    "id": "74408030-ed97-4901-8cd7-a7aff53b67cc",
    "data": [
      {
        "text": "what is ",
        "userDefined": false
      },
      {
        "text": "big data management",
        "alias": "course_code",
        "meta": "@course_code",
        "userDefined": false
      },
      {
        "text": " about?",
        "userDefined": false
      }
    ],
    "isTemplate": false,
    "count": 1,
    "updated": 1507251731
  },
  {
    "id": "11e75a2a-ed52-4a27-832f-eb1a19418663",
    "data": [
      {
        "text": "Give me",
        "meta": "@sys.ignore",
        "userDefined": false
      },
      {
        "text": " a description about ",
        "userDefined": false
      },
      {
        "text": "comp9323",
        "alias": "course_code",
        "meta": "@course_code",
        "userDefined": true
      },
      {
        "text": "?",
        "userDefined": false
      }
    ],
    "isTemplate": false,
    "count": 1,
    "updated": 1507251554
  },
  {
    "id": "93f03405-4059-4581-a66a-afb3f38b36c7",
    "data": [
      {
        "text": "What is ",
        "userDefined": false
      },
      {
        "text": "COMP9323",
        "alias": "course_code",
        "meta": "@course_code",
        "userDefined": false
      },
      {
        "text": " description?",
        "userDefined": false
      }
    ],
    "isTemplate": false,
    "count": 0,
    "updated": 1505462224
  },
  {
    "id": "03c8a422-f73d-4783-82bf-074b8609fbe9",
    "data": [
      {
        "text": "show the description for ",
        "userDefined": false
      },
      {
        "text": "comp9323",
        "alias": "course_code",
        "meta": "@course_code",
        "userDefined": false
      }
    ],
    "isTemplate": false,
    "count": 0,
    "updated": 1505462224
  },
  {
    "id": "d06c00a8-f99f-4509-929c-fa0642f9e7c6",
    "data": [
      {
        "text": "What is ",
        "userDefined": false
      },
      {
        "text": "COMP9323",
        "alias": "course_code",
        "meta": "@course_code",
        "userDefined": false
      },
      {
        "text": " about?",
        "userDefined": false
      }
    ],
    "isTemplate": false,
    "count": 0,
    "updated": 1505462224
  },
  {
    "id": "9061f89a-6579-4fcc-9b3c-8fecf50249fb",
    "data": [
      {
        "text": "Tell me more about ",
        "userDefined": false
      },
      {
        "text": "comp9321",
        "alias": "course_code",
        "meta": "@course_code",
        "userDefined": true
      }
    ],
    "isTemplate": false,
    "count": 1,
    "updated": 1507410065
  },
  {
    "id": "ed93dae6-5b6d-4593-b973-b7ec16b48122",
    "data": [
      {
        "text": "get ",
        "userDefined": false
      },
      {
        "text": "comp9323",
        "alias": "course_code",
        "meta": "@course_code",
        "userDefined": false
      },
      {
        "text": " description",
        "userDefined": false
      }
    ],
    "isTemplate": false,
    "count": 0,
    "updated": 1505462224
  },
  {
    "id": "26aee99a-654c-414c-9386-e7811adb39b5",
    "data": [
      {
        "text": "What is ",
        "userDefined": false
      },
      {
        "text": "comp9900",
        "alias": "course_code",
        "meta": "@course_code",
        "userDefined": false
      }
    ],
    "isTemplate": false,
    "count": 0,
    "updated": 1507449497
  },
  {
    "id": "31ced8ef-4b16-4d51-9626-cd21c8fc1fd0",
    "data": [
      {
        "text": "can u help me with the description for ",
        "userDefined": false
      },
      {
        "text": "the course on big data management",
        "alias": "course_code",
        "meta": "@course_code",
        "userDefined": false
      },
      {
        "text": "?",
        "userDefined": false
      }
    ],
    "isTemplate": false,
    "count": 0,
    "updated": 1507249425
  },
  {
    "id": "5b20af94-dc6e-474f-aa36-9eb356324406",
    "data": [
      {
        "text": "give me the description for ",
        "userDefined": false
      },
      {
        "text": "comp9323",
        "alias": "course_code",
        "meta": "@course_code",
        "userDefined": false
      }
    ],
    "isTemplate": false,
    "count": 2,
    "updated": 1507251982
  }
]