[
  {
    "id": "ff4d2cb7-afba-43e0-8384-cfce21fb24ff",
    "data": [
      {
        "text": "What is ",
        "userDefined": false
      },
      {
        "text": "comp9417",
        "alias": "course_code",
        "meta": "@course_code",
        "userDefined": false
      },
      {
        "text": " web page?",
        "userDefined": false
      }
    ],
    "isTemplate": false,
    "count": 3,
    "updated": 1507410064
  },
  {
    "id": "88075e41-c0f2-4179-a049-47b9f32044e3",
    "data": [
      {
        "text": "Pgae link ",
        "userDefined": false
      },
      {
        "text": "comp9323",
        "alias": "course_code",
        "meta": "@course_code",
        "userDefined": false
      }
    ],
    "isTemplate": false,
    "count": 1,
    "updated": 1507410064
  },
  {
    "id": "0f007d76-e5cb-4019-810d-2a4d454a37d7",
    "data": [
      {
        "text": "Page link for ",
        "userDefined": false
      },
      {
        "text": "comp9313",
        "alias": "course_code",
        "meta": "@course_code",
        "userDefined": false
      }
    ],
    "isTemplate": false,
    "count": 1,
    "updated": 1507410064
  },
  {
    "id": "8770700d-01bd-4ce0-9144-4664c906f7e5",
    "data": [
      {
        "text": "what is the course page for ",
        "userDefined": false
      },
      {
        "text": "comp9444",
        "alias": "course_code",
        "meta": "@course_code",
        "userDefined": false
      },
      {
        "text": "?",
        "userDefined": false
      }
    ],
    "isTemplate": false,
    "count": 0,
    "updated": 1507249425
  },
  {
    "id": "bebacbae-ade6-42ff-9398-46b86a7e513c",
    "data": [
      {
        "text": "What is the course page link for ",
        "userDefined": false
      },
      {
        "text": "COMP9323",
        "alias": "course_code",
        "meta": "@course_code",
        "userDefined": false
      },
      {
        "text": "?",
        "userDefined": false
      }
    ],
    "isTemplate": false,
    "count": 1,
    "updated": 0
  },
  {
    "id": "4e1a1ddf-2864-4ab6-a669-8af06de497ed",
    "data": [
      {
        "text": "what is ",
        "userDefined": false
      },
      {
        "text": "comp9323",
        "alias": "course_code",
        "meta": "@course_code",
        "userDefined": false
      },
      {
        "text": " web page?",
        "userDefined": false
      }
    ],
    "isTemplate": false,
    "count": 0,
    "updated": 0
  },
  {
    "id": "10583874-6c35-486f-874c-f58c5c3e5323",
    "data": [
      {
        "text": "what is the reference page for ",
        "userDefined": false
      },
      {
        "text": "comp9323",
        "alias": "course_code",
        "meta": "@course_code",
        "userDefined": false
      },
      {
        "text": "?",
        "userDefined": false
      }
    ],
    "isTemplate": false,
    "count": 0,
    "updated": 0
  },
  {
    "id": "67b583b9-e2b6-46c8-a6d2-eecfcf4a2cbd",
    "data": [
      {
        "text": "Get me the course page link for ",
        "userDefined": false
      },
      {
        "text": "COMP9323",
        "alias": "course_code",
        "meta": "@course_code",
        "userDefined": false
      },
      {
        "text": "?",
        "userDefined": false
      }
    ],
    "isTemplate": false,
    "count": 0,
    "updated": 0
  }
]