[
  {
    "id": "53e6bbee-12fb-493c-aa6e-9695258440ff",
    "data": [
      {
        "text": "Hi",
        "userDefined": false
      }
    ],
    "isTemplate": false,
    "count": 1,
    "updated": 1507517545
  },
  {
    "id": "828c7df4-3fd4-4387-a05b-661faf8f0621",
    "data": [
      {
        "text": "Hi",
        "userDefined": false
      }
    ],
    "isTemplate": false,
    "count": 1,
    "updated": 1507520394
  },
  {
    "id": "6c0fe2f8-14c6-48ea-8697-5a54742c3f27",
    "data": [
      {
        "text": "Hey there",
        "userDefined": false
      }
    ],
    "isTemplate": false,
    "count": 0,
    "updated": 1507426816
  },
  {
    "id": "5f35b418-58f2-4bbf-9c4f-f923712858d5",
    "data": [
      {
        "text": "Hey",
        "userDefined": false
      }
    ],
    "isTemplate": false,
    "count": 0,
    "updated": 1507426816
  },
  {
    "id": "577dcd14-3adc-4e45-a819-2c32c2821e73",
    "data": [
      {
        "text": "Good morning",
        "userDefined": false
      }
    ],
    "isTemplate": false,
    "count": 0,
    "updated": 1507426816
  },
  {
    "id": "480a1451-39b4-4d98-a3e1-f67bff6a6eb5",
    "data": [
      {
        "text": "Hello",
        "userDefined": false
      }
    ],
    "isTemplate": false,
    "count": 0,
    "updated": 1507426816
  },
  {
    "id": "38c005ad-1a5f-4ded-b9f2-54d0866fb887",
    "data": [
      {
        "text": "Hello there",
        "userDefined": false
      }
    ],
    "isTemplate": false,
    "count": 0,
    "updated": 1507426816
  },
  {
    "id": "c569a8c8-a25a-40cf-a2fa-6d4765578a1a",
    "data": [
      {
        "text": "Howdy",
        "userDefined": false
      }
    ],
    "isTemplate": false,
    "count": 0,
    "updated": 1507426816
  },
  {
    "id": "fd64fca3-c7c9-4c70-8b02-9d05e8156749",
    "data": [
      {
        "text": "Hi there",
        "userDefined": false
      }
    ],
    "isTemplate": false,
    "count": 0,
    "updated": 1507426711
  }
]